<Fragment xmlns:r="ddi:reusable:3_2" xmlns="ddi:instance:3_2">
  <PhysicalInstance isUniversallyUnique="true" versionDate="2019-01-13T09:05:55.3332935Z" xmlns="ddi:physicalinstance:3_2">
    <r:URN>urn:ddi:midus.wisc.edu:11044e15-1c44-4ff8-a7fa-953219dd2820:1</r:URN>
    <r:Agency>midus.wisc.edu</r:Agency>
    <r:ID>11044e15-1c44-4ff8-a7fa-953219dd2820</r:ID>
    <r:Version>1</r:Version>
    <r:UserAttributePair>
      <r:AttributeKey>ddi31:Paths</r:AttributeKey>
      <r:AttributeValue>{"0":"c:\\work\\MidusDayToDay\\M3P3\\M3_P3_BTACT_N3291_20181219.sav"}</r:AttributeValue>
    </r:UserAttributePair>
    <r:UserAttributePair>
      <r:AttributeKey>extension:CustomField</r:AttributeKey>
      <r:AttributeValue>{"Title":{},"Description":{},"ValueType":4,"HasValue":true,"RelationshipTargetType":"91da6c62-c2c2-4173-8958-22c518d1d40d","RelatedItemIdValue":{"URN":"urn:ddi:midus.wisc.edu:0ac56e41-2ebe-4450-9e19-d62ba17210be:1","ItemType":"VariableGroup"},"MultilingualStringValue":{},"HasDefinedType":false,"DisplayLabel":"Annotation"}</r:AttributeValue>
    </r:UserAttributePair>
    <r:Citation>
      <r:Title>
        <r:String xml:lang="en-US">M3P3</r:String>
      </r:Title>
    </r:Citation>
    <r:DataRelationshipReference>
      <r:Agency>midus.wisc.edu</r:Agency>
      <r:ID>1aed056b-bf71-414b-905f-638c75e6383d</r:ID>
      <r:Version>1</r:Version>
      <r:TypeOfObject>DataRelationship</r:TypeOfObject>
    </r:DataRelationshipReference>
    <DataFileIdentification isMaster="false">
      <DataFileURI isPublic="false">file:///c:/work/MidusDayToDay/M3P3/M3_P3_BTACT_N3291_20181219.sav</DataFileURI>
    </DataFileIdentification>
    <GrossFileStructure isUniversallyUnique="true">
      <r:URN>urn:ddi:midus.wisc.edu:880944fe-2c53-46ff-a416-93af7602c3a2:1</r:URN>
      <r:Agency>midus.wisc.edu</r:Agency>
      <r:ID>880944fe-2c53-46ff-a416-93af7602c3a2</r:ID>
      <r:Version>1</r:Version>
      <CaseQuantity>3291</CaseQuantity>
    </GrossFileStructure>
    <StatisticalSummary>
      <VariableStatisticsReference>
        <r:Agency>midus.wisc.edu</r:Agency>
        <r:ID>a32a0e87-3281-4ee2-a790-1b8df3f33dd8</r:ID>
        <r:Version>1</r:Version>
        <r:TypeOfObject>VariableStatistics</r:TypeOfObject>
      </VariableStatisticsReference>
      <VariableStatisticsReference>
        <r:Agency>midus.wisc.edu</r:Agency>
        <r:ID>5a5c1e31-39bb-420a-81c4-e77bd2ab31c8</r:ID>
        <r:Version>1</r:Version>
        <r:TypeOfObject>VariableStatistics</r:TypeOfObject>
      </VariableStatisticsReference>
      <VariableStatisticsReference>
        <r:Agency>midus.wisc.edu</r:Agency>
        <r:ID>bad75e5e-3cf2-49d1-bdf8-8cd9f548d780</r:ID>
        <r:Version>1</r:Version>
        <r:TypeOfObject>VariableStatistics</r:TypeOfObject>
      </VariableStatisticsReference>
      <VariableStatisticsReference>
        <r:Agency>midus.wisc.edu</r:Agency>
        <r:ID>cffe14e2-0194-4c95-a025-49ca3ab08d45</r:ID>
        <r:Version>1</r:Version>
        <r:TypeOfObject>VariableStatistics</r:TypeOfObject>
      </VariableStatisticsReference>
      <VariableStatisticsReference>
        <r:Agency>midus.wisc.edu</r:Agency>
        <r:ID>5c9d941b-d88a-418c-b41e-293b4bb96e23</r:ID>
        <r:Version>1</r:Version>
        <r:TypeOfObject>VariableStatistics</r:TypeOfObject>
      </VariableStatisticsReference>
      <VariableStatisticsReference>
        <r:Agency>midus.wisc.edu</r:Agency>
        <r:ID>f23d8c30-b329-4d27-b571-698a832b0f20</r:ID>
        <r:Version>1</r:Version>
        <r:TypeOfObject>VariableStatistics</r:TypeOfObject>
      </VariableStatisticsReference>
      <VariableStatisticsReference>
        <r:Agency>midus.wisc.edu</r:Agency>
        <r:ID>0776b423-3503-4531-a22e-6f6d836ebc05</r:ID>
        <r:Version>1</r:Version>
        <r:TypeOfObject>VariableStatistics</r:TypeOfObject>
      </VariableStatisticsReference>
      <VariableStatisticsReference>
        <r:Agency>midus.wisc.edu</r:Agency>
        <r:ID>af7fc410-e618-4ec2-b4bc-b19272fdf005</r:ID>
        <r:Version>1</r:Version>
        <r:TypeOfObject>VariableStatistics</r:TypeOfObject>
      </VariableStatisticsReference>
      <VariableStatisticsReference>
        <r:Agency>midus.wisc.edu</r:Agency>
        <r:ID>8ccc99a8-cacb-4208-8c3f-88e48897c130</r:ID>
        <r:Version>1</r:Version>
        <r:TypeOfObject>VariableStatistics</r:TypeOfObject>
      </VariableStatisticsReference>
      <VariableStatisticsReference>
        <r:Agency>midus.wisc.edu</r:Agency>
        <r:ID>69a79f89-93cf-4239-9da3-7c9f1c1bbff1</r:ID>
        <r:Version>1</r:Version>
        <r:TypeOfObject>VariableStatistics</r:TypeOfObject>
      </VariableStatisticsReference>
      <VariableStatisticsReference>
        <r:Agency>midus.wisc.edu</r:Agency>
        <r:ID>f9ffb1f0-604e-469b-8899-9e621e979075</r:ID>
        <r:Version>1</r:Version>
        <r:TypeOfObject>VariableStatistics</r:TypeOfObject>
      </VariableStatisticsReference>
      <VariableStatisticsReference>
        <r:Agency>midus.wisc.edu</r:Agency>
        <r:ID>130d9bb5-18e1-49cd-b215-b8c7592e7427</r:ID>
        <r:Version>1</r:Version>
        <r:TypeOfObject>VariableStatistics</r:TypeOfObject>
      </VariableStatisticsReference>
      <VariableStatisticsReference>
        <r:Agency>midus.wisc.edu</r:Agency>
        <r:ID>cc27c463-ee2c-40fa-966a-34202a86a4d3</r:ID>
        <r:Version>1</r:Version>
        <r:TypeOfObject>VariableStatistics</r:TypeOfObject>
      </VariableStatisticsReference>
      <VariableStatisticsReference>
        <r:Agency>midus.wisc.edu</r:Agency>
        <r:ID>23f2799b-e604-4c0e-b49f-d55912467f1f</r:ID>
        <r:Version>1</r:Version>
        <r:TypeOfObject>VariableStatistics</r:TypeOfObject>
      </VariableStatisticsReference>
      <VariableStatisticsReference>
        <r:Agency>midus.wisc.edu</r:Agency>
        <r:ID>32ecca1b-5008-4494-9d97-666cb8926c09</r:ID>
        <r:Version>1</r:Version>
        <r:TypeOfObject>VariableStatistics</r:TypeOfObject>
      </VariableStatisticsReference>
      <VariableStatisticsReference>
        <r:Agency>midus.wisc.edu</r:Agency>
        <r:ID>3ead1957-c89c-460d-aa17-4fa5232a1b1e</r:ID>
        <r:Version>1</r:Version>
        <r:TypeOfObject>VariableStatistics</r:TypeOfObject>
      </VariableStatisticsReference>
      <VariableStatisticsReference>
        <r:Agency>midus.wisc.edu</r:Agency>
        <r:ID>dcdedd34-6f9e-4aa9-85d1-f4877ff4e791</r:ID>
        <r:Version>1</r:Version>
        <r:TypeOfObject>VariableStatistics</r:TypeOfObject>
      </VariableStatisticsReference>
      <VariableStatisticsReference>
        <r:Agency>midus.wisc.edu</r:Agency>
        <r:ID>94d7fac4-9207-4931-84dd-f2a1c0e51609</r:ID>
        <r:Version>1</r:Version>
        <r:TypeOfObject>VariableStatistics</r:TypeOfObject>
      </VariableStatisticsReference>
      <VariableStatisticsReference>
        <r:Agency>midus.wisc.edu</r:Agency>
        <r:ID>5c7f1d22-48b4-46a4-b981-5b87de0435ba</r:ID>
        <r:Version>1</r:Version>
        <r:TypeOfObject>VariableStatistics</r:TypeOfObject>
      </VariableStatisticsReference>
      <VariableStatisticsReference>
        <r:Agency>midus.wisc.edu</r:Agency>
        <r:ID>dac1fbf0-559a-4bab-a7b5-b052f8c843a4</r:ID>
        <r:Version>1</r:Version>
        <r:TypeOfObject>VariableStatistics</r:TypeOfObject>
      </VariableStatisticsReference>
      <VariableStatisticsReference>
        <r:Agency>midus.wisc.edu</r:Agency>
        <r:ID>3bbc5c3d-7a09-4a0d-ae3f-cc7668344609</r:ID>
        <r:Version>1</r:Version>
        <r:TypeOfObject>VariableStatistics</r:TypeOfObject>
      </VariableStatisticsReference>
      <VariableStatisticsReference>
        <r:Agency>midus.wisc.edu</r:Agency>
        <r:ID>950f8147-67ec-446d-92fc-e3e9378a41b1</r:ID>
        <r:Version>1</r:Version>
        <r:TypeOfObject>VariableStatistics</r:TypeOfObject>
      </VariableStatisticsReference>
      <VariableStatisticsReference>
        <r:Agency>midus.wisc.edu</r:Agency>
        <r:ID>88ec9ff4-a406-4d08-95b2-aadffcbaf67b</r:ID>
        <r:Version>1</r:Version>
        <r:TypeOfObject>VariableStatistics</r:TypeOfObject>
      </VariableStatisticsReference>
      <VariableStatisticsReference>
        <r:Agency>midus.wisc.edu</r:Agency>
        <r:ID>b0bc131c-86d4-47d8-87b2-13b1a9cd449d</r:ID>
        <r:Version>1</r:Version>
        <r:TypeOfObject>VariableStatistics</r:TypeOfObject>
      </VariableStatisticsReference>
      <VariableStatisticsReference>
        <r:Agency>midus.wisc.edu</r:Agency>
        <r:ID>ce42be53-9b62-43a5-a8e8-80ea2b44fdf7</r:ID>
        <r:Version>1</r:Version>
        <r:TypeOfObject>VariableStatistics</r:TypeOfObject>
      </VariableStatisticsReference>
      <VariableStatisticsReference>
        <r:Agency>midus.wisc.edu</r:Agency>
        <r:ID>2343e22d-733b-4732-a281-03ba23635b89</r:ID>
        <r:Version>1</r:Version>
        <r:TypeOfObject>VariableStatistics</r:TypeOfObject>
      </VariableStatisticsReference>
      <VariableStatisticsReference>
        <r:Agency>midus.wisc.edu</r:Agency>
        <r:ID>55e13ae9-74b7-499f-890a-965f3e27fbc0</r:ID>
        <r:Version>1</r:Version>
        <r:TypeOfObject>VariableStatistics</r:TypeOfObject>
      </VariableStatisticsReference>
      <VariableStatisticsReference>
        <r:Agency>midus.wisc.edu</r:Agency>
        <r:ID>fa27ba03-5d8f-4502-9a51-025934a42b78</r:ID>
        <r:Version>1</r:Version>
        <r:TypeOfObject>VariableStatistics</r:TypeOfObject>
      </VariableStatisticsReference>
      <VariableStatisticsReference>
        <r:Agency>midus.wisc.edu</r:Agency>
        <r:ID>15def3d4-5de9-4435-a76d-11c3c22ce54d</r:ID>
        <r:Version>1</r:Version>
        <r:TypeOfObject>VariableStatistics</r:TypeOfObject>
      </VariableStatisticsReference>
      <VariableStatisticsReference>
        <r:Agency>midus.wisc.edu</r:Agency>
        <r:ID>bb589ecb-6745-4e8c-95af-16dadb043ed9</r:ID>
        <r:Version>1</r:Version>
        <r:TypeOfObject>VariableStatistics</r:TypeOfObject>
      </VariableStatisticsReference>
      <VariableStatisticsReference>
        <r:Agency>midus.wisc.edu</r:Agency>
        <r:ID>760ddd34-5f86-412a-ab97-d74c1e09eb28</r:ID>
        <r:Version>1</r:Version>
        <r:TypeOfObject>VariableStatistics</r:TypeOfObject>
      </VariableStatisticsReference>
      <VariableStatisticsReference>
        <r:Agency>midus.wisc.edu</r:Agency>
        <r:ID>a0e120cf-bd7e-4a77-a38a-46befead6bbf</r:ID>
        <r:Version>1</r:Version>
        <r:TypeOfObject>VariableStatistics</r:TypeOfObject>
      </VariableStatisticsReference>
      <VariableStatisticsReference>
        <r:Agency>midus.wisc.edu</r:Agency>
        <r:ID>a3063deb-4391-435c-82f5-f7e1b9059463</r:ID>
        <r:Version>1</r:Version>
        <r:TypeOfObject>VariableStatistics</r:TypeOfObject>
      </VariableStatisticsReference>
      <VariableStatisticsReference>
        <r:Agency>midus.wisc.edu</r:Agency>
        <r:ID>02385eb1-8bc1-4365-b3c0-a81517768295</r:ID>
        <r:Version>1</r:Version>
        <r:TypeOfObject>VariableStatistics</r:TypeOfObject>
      </VariableStatisticsReference>
      <VariableStatisticsReference>
        <r:Agency>midus.wisc.edu</r:Agency>
        <r:ID>9eb5ab63-716a-43c2-85a9-eb2b98f3400d</r:ID>
        <r:Version>1</r:Version>
        <r:TypeOfObject>VariableStatistics</r:TypeOfObject>
      </VariableStatisticsReference>
      <VariableStatisticsReference>
        <r:Agency>midus.wisc.edu</r:Agency>
        <r:ID>616425e3-a692-4c1e-bc09-7337388b35d1</r:ID>
        <r:Version>1</r:Version>
        <r:TypeOfObject>VariableStatistics</r:TypeOfObject>
      </VariableStatisticsReference>
      <VariableStatisticsReference>
        <r:Agency>midus.wisc.edu</r:Agency>
        <r:ID>d7cb3d2b-e0ad-479a-82ef-17dc1a136292</r:ID>
        <r:Version>1</r:Version>
        <r:TypeOfObject>VariableStatistics</r:TypeOfObject>
      </VariableStatisticsReference>
      <VariableStatisticsReference>
        <r:Agency>midus.wisc.edu</r:Agency>
        <r:ID>707fa480-4681-4d8d-858c-3b0a0b689578</r:ID>
        <r:Version>1</r:Version>
        <r:TypeOfObject>VariableStatistics</r:TypeOfObject>
      </VariableStatisticsReference>
      <VariableStatisticsReference>
        <r:Agency>midus.wisc.edu</r:Agency>
        <r:ID>9d78db17-c60c-43df-8820-10e5a2bc713a</r:ID>
        <r:Version>1</r:Version>
        <r:TypeOfObject>VariableStatistics</r:TypeOfObject>
      </VariableStatisticsReference>
      <VariableStatisticsReference>
        <r:Agency>midus.wisc.edu</r:Agency>
        <r:ID>c8b79e7f-d47d-44aa-b305-116d8d70747c</r:ID>
        <r:Version>1</r:Version>
        <r:TypeOfObject>VariableStatistics</r:TypeOfObject>
      </VariableStatisticsReference>
      <VariableStatisticsReference>
        <r:Agency>midus.wisc.edu</r:Agency>
        <r:ID>306f6b80-90a4-4695-9b70-7d36b9a1ad22</r:ID>
        <r:Version>1</r:Version>
        <r:TypeOfObject>VariableStatistics</r:TypeOfObject>
      </VariableStatisticsReference>
      <VariableStatisticsReference>
        <r:Agency>midus.wisc.edu</r:Agency>
        <r:ID>a57f823f-8248-4021-8ccf-25c9cfa5dc18</r:ID>
        <r:Version>1</r:Version>
        <r:TypeOfObject>VariableStatistics</r:TypeOfObject>
      </VariableStatisticsReference>
      <VariableStatisticsReference>
        <r:Agency>midus.wisc.edu</r:Agency>
        <r:ID>b69cb206-88bb-41f2-805e-7c44e2e82fe3</r:ID>
        <r:Version>1</r:Version>
        <r:TypeOfObject>VariableStatistics</r:TypeOfObject>
      </VariableStatisticsReference>
      <VariableStatisticsReference>
        <r:Agency>midus.wisc.edu</r:Agency>
        <r:ID>566a0114-3b3b-4ff0-8a53-4b7bd08574d1</r:ID>
        <r:Version>1</r:Version>
        <r:TypeOfObject>VariableStatistics</r:TypeOfObject>
      </VariableStatisticsReference>
      <VariableStatisticsReference>
        <r:Agency>midus.wisc.edu</r:Agency>
        <r:ID>1973bf44-7099-4ce5-a6e8-4d693d729f45</r:ID>
        <r:Version>1</r:Version>
        <r:TypeOfObject>VariableStatistics</r:TypeOfObject>
      </VariableStatisticsReference>
      <VariableStatisticsReference>
        <r:Agency>midus.wisc.edu</r:Agency>
        <r:ID>0382b167-1243-47a4-bc76-c07d518e07e2</r:ID>
        <r:Version>1</r:Version>
        <r:TypeOfObject>VariableStatistics</r:TypeOfObject>
      </VariableStatisticsReference>
      <VariableStatisticsReference>
        <r:Agency>midus.wisc.edu</r:Agency>
        <r:ID>c6a149f8-52b8-45ee-b95f-2baaba412709</r:ID>
        <r:Version>1</r:Version>
        <r:TypeOfObject>VariableStatistics</r:TypeOfObject>
      </VariableStatisticsReference>
      <VariableStatisticsReference>
        <r:Agency>midus.wisc.edu</r:Agency>
        <r:ID>ea3088ad-6ed4-4b30-8e94-92725fd431f8</r:ID>
        <r:Version>1</r:Version>
        <r:TypeOfObject>VariableStatistics</r:TypeOfObject>
      </VariableStatisticsReference>
      <VariableStatisticsReference>
        <r:Agency>midus.wisc.edu</r:Agency>
        <r:ID>5ed6ca46-8905-4d8f-91eb-a7a211ff5de0</r:ID>
        <r:Version>1</r:Version>
        <r:TypeOfObject>VariableStatistics</r:TypeOfObject>
      </VariableStatisticsReference>
      <VariableStatisticsReference>
        <r:Agency>midus.wisc.edu</r:Agency>
        <r:ID>fed33f03-b107-4799-83ad-9ddba3ca946e</r:ID>
        <r:Version>1</r:Version>
        <r:TypeOfObject>VariableStatistics</r:TypeOfObject>
      </VariableStatisticsReference>
      <VariableStatisticsReference>
        <r:Agency>midus.wisc.edu</r:Agency>
        <r:ID>607285dd-b5f0-4997-be34-78648e27aaa1</r:ID>
        <r:Version>1</r:Version>
        <r:TypeOfObject>VariableStatistics</r:TypeOfObject>
      </VariableStatisticsReference>
      <VariableStatisticsReference>
        <r:Agency>midus.wisc.edu</r:Agency>
        <r:ID>4813247e-9f29-40c1-919e-70940eb260e5</r:ID>
        <r:Version>1</r:Version>
        <r:TypeOfObject>VariableStatistics</r:TypeOfObject>
      </VariableStatisticsReference>
      <VariableStatisticsReference>
        <r:Agency>midus.wisc.edu</r:Agency>
        <r:ID>2f3e7de3-1d73-4e9a-81da-3bff2cea8e55</r:ID>
        <r:Version>1</r:Version>
        <r:TypeOfObject>VariableStatistics</r:TypeOfObject>
      </VariableStatisticsReference>
      <VariableStatisticsReference>
        <r:Agency>midus.wisc.edu</r:Agency>
        <r:ID>a238c96a-3735-4857-bea7-0bc43fa07460</r:ID>
        <r:Version>1</r:Version>
        <r:TypeOfObject>VariableStatistics</r:TypeOfObject>
      </VariableStatisticsReference>
      <VariableStatisticsReference>
        <r:Agency>midus.wisc.edu</r:Agency>
        <r:ID>21ef79c4-39ce-4de3-9ba9-82ac831533b8</r:ID>
        <r:Version>1</r:Version>
        <r:TypeOfObject>VariableStatistics</r:TypeOfObject>
      </VariableStatisticsReference>
      <VariableStatisticsReference>
        <r:Agency>midus.wisc.edu</r:Agency>
        <r:ID>a52e7762-d8ce-4de8-90e2-87c973558c13</r:ID>
        <r:Version>1</r:Version>
        <r:TypeOfObject>VariableStatistics</r:TypeOfObject>
      </VariableStatisticsReference>
      <VariableStatisticsReference>
        <r:Agency>midus.wisc.edu</r:Agency>
        <r:ID>51aaeec9-4f2b-49c7-8b89-9d0f92c3aad6</r:ID>
        <r:Version>1</r:Version>
        <r:TypeOfObject>VariableStatistics</r:TypeOfObject>
      </VariableStatisticsReference>
      <VariableStatisticsReference>
        <r:Agency>midus.wisc.edu</r:Agency>
        <r:ID>f1aa438e-90d2-470a-aedd-7608efb1a268</r:ID>
        <r:Version>1</r:Version>
        <r:TypeOfObject>VariableStatistics</r:TypeOfObject>
      </VariableStatisticsReference>
      <VariableStatisticsReference>
        <r:Agency>midus.wisc.edu</r:Agency>
        <r:ID>0291ee17-d79a-4997-a5e9-c8ae57e08662</r:ID>
        <r:Version>1</r:Version>
        <r:TypeOfObject>VariableStatistics</r:TypeOfObject>
      </VariableStatisticsReference>
      <VariableStatisticsReference>
        <r:Agency>midus.wisc.edu</r:Agency>
        <r:ID>746486c3-7d7e-4534-8b7f-0db8e6d5f468</r:ID>
        <r:Version>1</r:Version>
        <r:TypeOfObject>VariableStatistics</r:TypeOfObject>
      </VariableStatisticsReference>
      <VariableStatisticsReference>
        <r:Agency>midus.wisc.edu</r:Agency>
        <r:ID>ac48ecb4-9348-47cc-b8e2-a5887b3ad3b5</r:ID>
        <r:Version>1</r:Version>
        <r:TypeOfObject>VariableStatistics</r:TypeOfObject>
      </VariableStatisticsReference>
      <VariableStatisticsReference>
        <r:Agency>midus.wisc.edu</r:Agency>
        <r:ID>bb032c57-68cb-4ee7-8b2a-eb5673b86e86</r:ID>
        <r:Version>1</r:Version>
        <r:TypeOfObject>VariableStatistics</r:TypeOfObject>
      </VariableStatisticsReference>
      <VariableStatisticsReference>
        <r:Agency>midus.wisc.edu</r:Agency>
        <r:ID>506a03a0-dc09-49f4-9b68-c6bd7a46e588</r:ID>
        <r:Version>1</r:Version>
        <r:TypeOfObject>VariableStatistics</r:TypeOfObject>
      </VariableStatisticsReference>
      <VariableStatisticsReference>
        <r:Agency>midus.wisc.edu</r:Agency>
        <r:ID>ef70b7e4-25d8-49a5-86f6-af74efbe9a3c</r:ID>
        <r:Version>1</r:Version>
        <r:TypeOfObject>VariableStatistics</r:TypeOfObject>
      </VariableStatisticsReference>
      <VariableStatisticsReference>
        <r:Agency>midus.wisc.edu</r:Agency>
        <r:ID>e17baa58-dd34-45d8-b24b-e3238508726c</r:ID>
        <r:Version>1</r:Version>
        <r:TypeOfObject>VariableStatistics</r:TypeOfObject>
      </VariableStatisticsReference>
      <VariableStatisticsReference>
        <r:Agency>midus.wisc.edu</r:Agency>
        <r:ID>3a769931-9835-4e21-92a3-17cd707d21f9</r:ID>
        <r:Version>1</r:Version>
        <r:TypeOfObject>VariableStatistics</r:TypeOfObject>
      </VariableStatisticsReference>
      <VariableStatisticsReference>
        <r:Agency>midus.wisc.edu</r:Agency>
        <r:ID>e6eae794-2161-47d1-82ed-38b875139d42</r:ID>
        <r:Version>1</r:Version>
        <r:TypeOfObject>VariableStatistics</r:TypeOfObject>
      </VariableStatisticsReference>
      <VariableStatisticsReference>
        <r:Agency>midus.wisc.edu</r:Agency>
        <r:ID>17b4582d-0933-40dc-a493-0c1cb942bce2</r:ID>
        <r:Version>1</r:Version>
        <r:TypeOfObject>VariableStatistics</r:TypeOfObject>
      </VariableStatisticsReference>
      <VariableStatisticsReference>
        <r:Agency>midus.wisc.edu</r:Agency>
        <r:ID>cfc735b8-7a18-4169-984e-2b8d7a0b0109</r:ID>
        <r:Version>1</r:Version>
        <r:TypeOfObject>VariableStatistics</r:TypeOfObject>
      </VariableStatisticsReference>
      <VariableStatisticsReference>
        <r:Agency>midus.wisc.edu</r:Agency>
        <r:ID>01f478cb-9dac-492c-9f4c-bebb49cf7efd</r:ID>
        <r:Version>1</r:Version>
        <r:TypeOfObject>VariableStatistics</r:TypeOfObject>
      </VariableStatisticsReference>
      <VariableStatisticsReference>
        <r:Agency>midus.wisc.edu</r:Agency>
        <r:ID>ec61bba4-7261-451c-8a8e-b05b43df38c9</r:ID>
        <r:Version>1</r:Version>
        <r:TypeOfObject>VariableStatistics</r:TypeOfObject>
      </VariableStatisticsReference>
      <VariableStatisticsReference>
        <r:Agency>midus.wisc.edu</r:Agency>
        <r:ID>2cd2aa46-153c-4453-9f66-0b85f87bbfeb</r:ID>
        <r:Version>1</r:Version>
        <r:TypeOfObject>VariableStatistics</r:TypeOfObject>
      </VariableStatisticsReference>
      <VariableStatisticsReference>
        <r:Agency>midus.wisc.edu</r:Agency>
        <r:ID>d68e9a81-2e55-49ff-b337-b80055032e88</r:ID>
        <r:Version>1</r:Version>
        <r:TypeOfObject>VariableStatistics</r:TypeOfObject>
      </VariableStatisticsReference>
      <VariableStatisticsReference>
        <r:Agency>midus.wisc.edu</r:Agency>
        <r:ID>2976f668-8ee6-41ba-8369-7774a5db00d8</r:ID>
        <r:Version>1</r:Version>
        <r:TypeOfObject>VariableStatistics</r:TypeOfObject>
      </VariableStatisticsReference>
      <VariableStatisticsReference>
        <r:Agency>midus.wisc.edu</r:Agency>
        <r:ID>a698189e-0dcc-4f22-9083-40e2b97d091d</r:ID>
        <r:Version>1</r:Version>
        <r:TypeOfObject>VariableStatistics</r:TypeOfObject>
      </VariableStatisticsReference>
      <VariableStatisticsReference>
        <r:Agency>midus.wisc.edu</r:Agency>
        <r:ID>19ee4035-6597-44b8-8b05-6e194c2058a8</r:ID>
        <r:Version>1</r:Version>
        <r:TypeOfObject>VariableStatistics</r:TypeOfObject>
      </VariableStatisticsReference>
      <VariableStatisticsReference>
        <r:Agency>midus.wisc.edu</r:Agency>
        <r:ID>59c5adfb-969b-4073-8a88-fae0e5df626a</r:ID>
        <r:Version>1</r:Version>
        <r:TypeOfObject>VariableStatistics</r:TypeOfObject>
      </VariableStatisticsReference>
      <VariableStatisticsReference>
        <r:Agency>midus.wisc.edu</r:Agency>
        <r:ID>ea36b229-7696-4329-b05e-b643d072e862</r:ID>
        <r:Version>1</r:Version>
        <r:TypeOfObject>VariableStatistics</r:TypeOfObject>
      </VariableStatisticsReference>
      <VariableStatisticsReference>
        <r:Agency>midus.wisc.edu</r:Agency>
        <r:ID>62e937b6-4ccf-46e3-96fe-be395c63eac4</r:ID>
        <r:Version>1</r:Version>
        <r:TypeOfObject>VariableStatistics</r:TypeOfObject>
      </VariableStatisticsReference>
      <VariableStatisticsReference>
        <r:Agency>midus.wisc.edu</r:Agency>
        <r:ID>0b78e784-c373-4261-9e20-513ca85df1c9</r:ID>
        <r:Version>1</r:Version>
        <r:TypeOfObject>VariableStatistics</r:TypeOfObject>
      </VariableStatisticsReference>
      <VariableStatisticsReference>
        <r:Agency>midus.wisc.edu</r:Agency>
        <r:ID>ddd7cb3b-c98d-48d8-85d6-70096b7b81c1</r:ID>
        <r:Version>1</r:Version>
        <r:TypeOfObject>VariableStatistics</r:TypeOfObject>
      </VariableStatisticsReference>
      <VariableStatisticsReference>
        <r:Agency>midus.wisc.edu</r:Agency>
        <r:ID>5a66747d-6eb0-4256-b1ee-b53db60f9f78</r:ID>
        <r:Version>1</r:Version>
        <r:TypeOfObject>VariableStatistics</r:TypeOfObject>
      </VariableStatisticsReference>
      <VariableStatisticsReference>
        <r:Agency>midus.wisc.edu</r:Agency>
        <r:ID>d677df3f-2b86-4895-a73c-b9ad9bfb112a</r:ID>
        <r:Version>1</r:Version>
        <r:TypeOfObject>VariableStatistics</r:TypeOfObject>
      </VariableStatisticsReference>
      <VariableStatisticsReference>
        <r:Agency>midus.wisc.edu</r:Agency>
        <r:ID>bcfedb4f-43e3-4e4a-99c9-ac566b664054</r:ID>
        <r:Version>1</r:Version>
        <r:TypeOfObject>VariableStatistics</r:TypeOfObject>
      </VariableStatisticsReference>
      <VariableStatisticsReference>
        <r:Agency>midus.wisc.edu</r:Agency>
        <r:ID>f71734d9-7542-40e8-9784-b40abec36d70</r:ID>
        <r:Version>1</r:Version>
        <r:TypeOfObject>VariableStatistics</r:TypeOfObject>
      </VariableStatisticsReference>
      <VariableStatisticsReference>
        <r:Agency>midus.wisc.edu</r:Agency>
        <r:ID>2c608bd4-da34-404e-9e41-e786730fa15e</r:ID>
        <r:Version>1</r:Version>
        <r:TypeOfObject>VariableStatistics</r:TypeOfObject>
      </VariableStatisticsReference>
      <VariableStatisticsReference>
        <r:Agency>midus.wisc.edu</r:Agency>
        <r:ID>6af97551-5aec-4398-933e-92058369da56</r:ID>
        <r:Version>1</r:Version>
        <r:TypeOfObject>VariableStatistics</r:TypeOfObject>
      </VariableStatisticsReference>
      <VariableStatisticsReference>
        <r:Agency>midus.wisc.edu</r:Agency>
        <r:ID>9ea0fbf4-913c-4bf1-b43f-e91146edba15</r:ID>
        <r:Version>1</r:Version>
        <r:TypeOfObject>VariableStatistics</r:TypeOfObject>
      </VariableStatisticsReference>
      <VariableStatisticsReference>
        <r:Agency>midus.wisc.edu</r:Agency>
        <r:ID>6794684f-25ad-4a49-93d5-0fb0da39b1bf</r:ID>
        <r:Version>1</r:Version>
        <r:TypeOfObject>VariableStatistics</r:TypeOfObject>
      </VariableStatisticsReference>
      <VariableStatisticsReference>
        <r:Agency>midus.wisc.edu</r:Agency>
        <r:ID>0a254411-7708-4fe6-99a9-ecdf78e0582c</r:ID>
        <r:Version>1</r:Version>
        <r:TypeOfObject>VariableStatistics</r:TypeOfObject>
      </VariableStatisticsReference>
      <VariableStatisticsReference>
        <r:Agency>midus.wisc.edu</r:Agency>
        <r:ID>faf2026b-a3e1-48ac-8158-f5c5ddabb46a</r:ID>
        <r:Version>1</r:Version>
        <r:TypeOfObject>VariableStatistics</r:TypeOfObject>
      </VariableStatisticsReference>
      <VariableStatisticsReference>
        <r:Agency>midus.wisc.edu</r:Agency>
        <r:ID>8f6e9cf2-9353-42a0-8af4-13784ff53c54</r:ID>
        <r:Version>1</r:Version>
        <r:TypeOfObject>VariableStatistics</r:TypeOfObject>
      </VariableStatisticsReference>
      <VariableStatisticsReference>
        <r:Agency>midus.wisc.edu</r:Agency>
        <r:ID>4323d9cf-9ea3-4590-9972-5c56cc8032ba</r:ID>
        <r:Version>1</r:Version>
        <r:TypeOfObject>VariableStatistics</r:TypeOfObject>
      </VariableStatisticsReference>
      <VariableStatisticsReference>
        <r:Agency>midus.wisc.edu</r:Agency>
        <r:ID>72d7e217-428f-48cb-be2c-ff613a7a6690</r:ID>
        <r:Version>1</r:Version>
        <r:TypeOfObject>VariableStatistics</r:TypeOfObject>
      </VariableStatisticsReference>
      <VariableStatisticsReference>
        <r:Agency>midus.wisc.edu</r:Agency>
        <r:ID>c8b7823a-272a-443f-89b0-78883cec164c</r:ID>
        <r:Version>1</r:Version>
        <r:TypeOfObject>VariableStatistics</r:TypeOfObject>
      </VariableStatisticsReference>
      <VariableStatisticsReference>
        <r:Agency>midus.wisc.edu</r:Agency>
        <r:ID>7654e8e5-6055-43ff-8b78-51264a0885bd</r:ID>
        <r:Version>1</r:Version>
        <r:TypeOfObject>VariableStatistics</r:TypeOfObject>
      </VariableStatisticsReference>
      <VariableStatisticsReference>
        <r:Agency>midus.wisc.edu</r:Agency>
        <r:ID>c783e006-c563-4de1-91fb-13b10c770c98</r:ID>
        <r:Version>1</r:Version>
        <r:TypeOfObject>VariableStatistics</r:TypeOfObject>
      </VariableStatisticsReference>
      <VariableStatisticsReference>
        <r:Agency>midus.wisc.edu</r:Agency>
        <r:ID>b8285e72-337c-49f9-9ec6-ee5e76e33c54</r:ID>
        <r:Version>1</r:Version>
        <r:TypeOfObject>VariableStatistics</r:TypeOfObject>
      </VariableStatisticsReference>
      <VariableStatisticsReference>
        <r:Agency>midus.wisc.edu</r:Agency>
        <r:ID>8b1cbbe1-9f9e-45e4-bc33-0be61e074637</r:ID>
        <r:Version>1</r:Version>
        <r:TypeOfObject>VariableStatistics</r:TypeOfObject>
      </VariableStatisticsReference>
      <VariableStatisticsReference>
        <r:Agency>midus.wisc.edu</r:Agency>
        <r:ID>47bd0d5e-6690-4589-a51f-451f8b67161b</r:ID>
        <r:Version>1</r:Version>
        <r:TypeOfObject>VariableStatistics</r:TypeOfObject>
      </VariableStatisticsReference>
      <VariableStatisticsReference>
        <r:Agency>midus.wisc.edu</r:Agency>
        <r:ID>293fc18a-e4f4-4c03-b899-7553313a8c12</r:ID>
        <r:Version>1</r:Version>
        <r:TypeOfObject>VariableStatistics</r:TypeOfObject>
      </VariableStatisticsReference>
      <VariableStatisticsReference>
        <r:Agency>midus.wisc.edu</r:Agency>
        <r:ID>033ba817-93ae-4e14-b75a-f19312efb6c0</r:ID>
        <r:Version>1</r:Version>
        <r:TypeOfObject>VariableStatistics</r:TypeOfObject>
      </VariableStatisticsReference>
      <VariableStatisticsReference>
        <r:Agency>midus.wisc.edu</r:Agency>
        <r:ID>eea34d89-2bce-444c-8fcd-251d628c3928</r:ID>
        <r:Version>1</r:Version>
        <r:TypeOfObject>VariableStatistics</r:TypeOfObject>
      </VariableStatisticsReference>
      <VariableStatisticsReference>
        <r:Agency>midus.wisc.edu</r:Agency>
        <r:ID>0e8fbafe-aadf-41b7-a324-31109308d9ca</r:ID>
        <r:Version>1</r:Version>
        <r:TypeOfObject>VariableStatistics</r:TypeOfObject>
      </VariableStatisticsReference>
      <VariableStatisticsReference>
        <r:Agency>midus.wisc.edu</r:Agency>
        <r:ID>a796bec9-79c3-49d7-888a-838c6b54e046</r:ID>
        <r:Version>1</r:Version>
        <r:TypeOfObject>VariableStatistics</r:TypeOfObject>
      </VariableStatisticsReference>
      <VariableStatisticsReference>
        <r:Agency>midus.wisc.edu</r:Agency>
        <r:ID>5804d6ec-453e-42ff-9367-057c84fe590a</r:ID>
        <r:Version>1</r:Version>
        <r:TypeOfObject>VariableStatistics</r:TypeOfObject>
      </VariableStatisticsReference>
      <VariableStatisticsReference>
        <r:Agency>midus.wisc.edu</r:Agency>
        <r:ID>263189a3-5821-4678-9823-c79ad82bff4e</r:ID>
        <r:Version>1</r:Version>
        <r:TypeOfObject>VariableStatistics</r:TypeOfObject>
      </VariableStatisticsReference>
      <VariableStatisticsReference>
        <r:Agency>midus.wisc.edu</r:Agency>
        <r:ID>1f5faa83-96c1-4da3-a147-1496ef0b52e7</r:ID>
        <r:Version>1</r:Version>
        <r:TypeOfObject>VariableStatistics</r:TypeOfObject>
      </VariableStatisticsReference>
      <VariableStatisticsReference>
        <r:Agency>midus.wisc.edu</r:Agency>
        <r:ID>9a10d80a-ccc7-4c7c-8029-35110cd8ef47</r:ID>
        <r:Version>1</r:Version>
        <r:TypeOfObject>VariableStatistics</r:TypeOfObject>
      </VariableStatisticsReference>
      <VariableStatisticsReference>
        <r:Agency>midus.wisc.edu</r:Agency>
        <r:ID>766cabc3-ec31-4770-9680-b401f1f60b7d</r:ID>
        <r:Version>1</r:Version>
        <r:TypeOfObject>VariableStatistics</r:TypeOfObject>
      </VariableStatisticsReference>
      <VariableStatisticsReference>
        <r:Agency>midus.wisc.edu</r:Agency>
        <r:ID>d83922e7-f181-4b5e-898d-d3a4265530fc</r:ID>
        <r:Version>1</r:Version>
        <r:TypeOfObject>VariableStatistics</r:TypeOfObject>
      </VariableStatisticsReference>
      <VariableStatisticsReference>
        <r:Agency>midus.wisc.edu</r:Agency>
        <r:ID>9d256120-cfbe-4a21-94e7-84065930cd29</r:ID>
        <r:Version>1</r:Version>
        <r:TypeOfObject>VariableStatistics</r:TypeOfObject>
      </VariableStatisticsReference>
      <VariableStatisticsReference>
        <r:Agency>midus.wisc.edu</r:Agency>
        <r:ID>911f2906-8c09-4851-95f9-a38594c92ab1</r:ID>
        <r:Version>1</r:Version>
        <r:TypeOfObject>VariableStatistics</r:TypeOfObject>
      </VariableStatisticsReference>
      <VariableStatisticsReference>
        <r:Agency>midus.wisc.edu</r:Agency>
        <r:ID>d5fc4297-93b5-4a1f-b87e-a52d46c3f2ee</r:ID>
        <r:Version>1</r:Version>
        <r:TypeOfObject>VariableStatistics</r:TypeOfObject>
      </VariableStatisticsReference>
      <VariableStatisticsReference>
        <r:Agency>midus.wisc.edu</r:Agency>
        <r:ID>db5a466f-371d-4ff3-b9d6-9e6771b709c3</r:ID>
        <r:Version>1</r:Version>
        <r:TypeOfObject>VariableStatistics</r:TypeOfObject>
      </VariableStatisticsReference>
      <VariableStatisticsReference>
        <r:Agency>midus.wisc.edu</r:Agency>
        <r:ID>3ff337ee-cdcc-4774-99aa-9fd25942e3df</r:ID>
        <r:Version>1</r:Version>
        <r:TypeOfObject>VariableStatistics</r:TypeOfObject>
      </VariableStatisticsReference>
      <VariableStatisticsReference>
        <r:Agency>midus.wisc.edu</r:Agency>
        <r:ID>d8aaa025-f04d-4f1e-8bf8-8b81183b2f1d</r:ID>
        <r:Version>1</r:Version>
        <r:TypeOfObject>VariableStatistics</r:TypeOfObject>
      </VariableStatisticsReference>
      <VariableStatisticsReference>
        <r:Agency>midus.wisc.edu</r:Agency>
        <r:ID>f016018f-cfa5-4e8e-bbed-c7ddd417fbd1</r:ID>
        <r:Version>1</r:Version>
        <r:TypeOfObject>VariableStatistics</r:TypeOfObject>
      </VariableStatisticsReference>
      <VariableStatisticsReference>
        <r:Agency>midus.wisc.edu</r:Agency>
        <r:ID>b88c9a1d-b64f-41be-8fb9-a5943ceefa1d</r:ID>
        <r:Version>1</r:Version>
        <r:TypeOfObject>VariableStatistics</r:TypeOfObject>
      </VariableStatisticsReference>
      <VariableStatisticsReference>
        <r:Agency>midus.wisc.edu</r:Agency>
        <r:ID>67aa01c9-edec-4ba2-b2f9-000d074d3d70</r:ID>
        <r:Version>1</r:Version>
        <r:TypeOfObject>VariableStatistics</r:TypeOfObject>
      </VariableStatisticsReference>
      <VariableStatisticsReference>
        <r:Agency>midus.wisc.edu</r:Agency>
        <r:ID>9603c377-a3e2-418a-a2d0-a092d3ff6c8a</r:ID>
        <r:Version>1</r:Version>
        <r:TypeOfObject>VariableStatistics</r:TypeOfObject>
      </VariableStatisticsReference>
      <VariableStatisticsReference>
        <r:Agency>midus.wisc.edu</r:Agency>
        <r:ID>ccc4d88d-0760-47fb-865c-c5d3076df438</r:ID>
        <r:Version>1</r:Version>
        <r:TypeOfObject>VariableStatistics</r:TypeOfObject>
      </VariableStatisticsReference>
      <VariableStatisticsReference>
        <r:Agency>midus.wisc.edu</r:Agency>
        <r:ID>01a7bd05-4ccd-4347-bde2-ce7d6a8cc3b0</r:ID>
        <r:Version>1</r:Version>
        <r:TypeOfObject>VariableStatistics</r:TypeOfObject>
      </VariableStatisticsReference>
      <VariableStatisticsReference>
        <r:Agency>midus.wisc.edu</r:Agency>
        <r:ID>74fa882c-ea2c-4ce4-b027-9871ae71438b</r:ID>
        <r:Version>1</r:Version>
        <r:TypeOfObject>VariableStatistics</r:TypeOfObject>
      </VariableStatisticsReference>
      <VariableStatisticsReference>
        <r:Agency>midus.wisc.edu</r:Agency>
        <r:ID>ebcfefd5-0e1e-4ce5-a272-6acfba0f73a5</r:ID>
        <r:Version>1</r:Version>
        <r:TypeOfObject>VariableStatistics</r:TypeOfObject>
      </VariableStatisticsReference>
      <VariableStatisticsReference>
        <r:Agency>midus.wisc.edu</r:Agency>
        <r:ID>96c4b0c5-c462-440d-b211-12e5ac31ea1f</r:ID>
        <r:Version>1</r:Version>
        <r:TypeOfObject>VariableStatistics</r:TypeOfObject>
      </VariableStatisticsReference>
      <VariableStatisticsReference>
        <r:Agency>midus.wisc.edu</r:Agency>
        <r:ID>5efbec25-3b3a-41c4-ad6f-9d00ed8c2787</r:ID>
        <r:Version>1</r:Version>
        <r:TypeOfObject>VariableStatistics</r:TypeOfObject>
      </VariableStatisticsReference>
      <VariableStatisticsReference>
        <r:Agency>midus.wisc.edu</r:Agency>
        <r:ID>66fa5b2b-c1f8-43ce-a7c2-474864bc3a27</r:ID>
        <r:Version>1</r:Version>
        <r:TypeOfObject>VariableStatistics</r:TypeOfObject>
      </VariableStatisticsReference>
      <VariableStatisticsReference>
        <r:Agency>midus.wisc.edu</r:Agency>
        <r:ID>fb9fa8f7-79d2-446d-a425-29864367d786</r:ID>
        <r:Version>1</r:Version>
        <r:TypeOfObject>VariableStatistics</r:TypeOfObject>
      </VariableStatisticsReference>
      <VariableStatisticsReference>
        <r:Agency>midus.wisc.edu</r:Agency>
        <r:ID>f3a43cf6-4d98-47de-b213-dc1cac404535</r:ID>
        <r:Version>1</r:Version>
        <r:TypeOfObject>VariableStatistics</r:TypeOfObject>
      </VariableStatisticsReference>
      <VariableStatisticsReference>
        <r:Agency>midus.wisc.edu</r:Agency>
        <r:ID>966a65b7-8d57-4b20-a060-ebf204c4690a</r:ID>
        <r:Version>1</r:Version>
        <r:TypeOfObject>VariableStatistics</r:TypeOfObject>
      </VariableStatisticsReference>
      <VariableStatisticsReference>
        <r:Agency>midus.wisc.edu</r:Agency>
        <r:ID>618d2fdb-8e1e-46f3-8436-66fea9dc1ce9</r:ID>
        <r:Version>1</r:Version>
        <r:TypeOfObject>VariableStatistics</r:TypeOfObject>
      </VariableStatisticsReference>
      <VariableStatisticsReference>
        <r:Agency>midus.wisc.edu</r:Agency>
        <r:ID>71a35eb2-5df2-4e90-8ab9-0226a93697f8</r:ID>
        <r:Version>1</r:Version>
        <r:TypeOfObject>VariableStatistics</r:TypeOfObject>
      </VariableStatisticsReference>
      <VariableStatisticsReference>
        <r:Agency>midus.wisc.edu</r:Agency>
        <r:ID>8c9cf337-0105-4f20-8e42-50c61f6ed7b0</r:ID>
        <r:Version>1</r:Version>
        <r:TypeOfObject>VariableStatistics</r:TypeOfObject>
      </VariableStatisticsReference>
      <VariableStatisticsReference>
        <r:Agency>midus.wisc.edu</r:Agency>
        <r:ID>a940f7e9-3adf-42f5-a23e-e5a74b6f36e6</r:ID>
        <r:Version>1</r:Version>
        <r:TypeOfObject>VariableStatistics</r:TypeOfObject>
      </VariableStatisticsReference>
      <VariableStatisticsReference>
        <r:Agency>midus.wisc.edu</r:Agency>
        <r:ID>04f2864b-0704-4ea1-9271-644390293718</r:ID>
        <r:Version>1</r:Version>
        <r:TypeOfObject>VariableStatistics</r:TypeOfObject>
      </VariableStatisticsReference>
      <VariableStatisticsReference>
        <r:Agency>midus.wisc.edu</r:Agency>
        <r:ID>7f1cdefa-23ae-419f-8a7e-93ba0b1d6298</r:ID>
        <r:Version>1</r:Version>
        <r:TypeOfObject>VariableStatistics</r:TypeOfObject>
      </VariableStatisticsReference>
      <VariableStatisticsReference>
        <r:Agency>midus.wisc.edu</r:Agency>
        <r:ID>93ebb513-581b-46c7-9163-cc893731d0c3</r:ID>
        <r:Version>1</r:Version>
        <r:TypeOfObject>VariableStatistics</r:TypeOfObject>
      </VariableStatisticsReference>
      <VariableStatisticsReference>
        <r:Agency>midus.wisc.edu</r:Agency>
        <r:ID>c0df803e-ef94-424a-9dec-742e2c38fabf</r:ID>
        <r:Version>1</r:Version>
        <r:TypeOfObject>VariableStatistics</r:TypeOfObject>
      </VariableStatisticsReference>
      <VariableStatisticsReference>
        <r:Agency>midus.wisc.edu</r:Agency>
        <r:ID>c10e7306-ab01-4ea2-90fe-371024ff2d5a</r:ID>
        <r:Version>1</r:Version>
        <r:TypeOfObject>VariableStatistics</r:TypeOfObject>
      </VariableStatisticsReference>
      <VariableStatisticsReference>
        <r:Agency>midus.wisc.edu</r:Agency>
        <r:ID>29f7eabd-6b78-4d49-9ac1-1a1407c414f2</r:ID>
        <r:Version>1</r:Version>
        <r:TypeOfObject>VariableStatistics</r:TypeOfObject>
      </VariableStatisticsReference>
      <VariableStatisticsReference>
        <r:Agency>midus.wisc.edu</r:Agency>
        <r:ID>3cf55aa7-dea2-48c3-8377-6eb2d334f9dd</r:ID>
        <r:Version>1</r:Version>
        <r:TypeOfObject>VariableStatistics</r:TypeOfObject>
      </VariableStatisticsReference>
      <VariableStatisticsReference>
        <r:Agency>midus.wisc.edu</r:Agency>
        <r:ID>e2278af4-1d98-45b1-b8dc-b5c10e371c12</r:ID>
        <r:Version>1</r:Version>
        <r:TypeOfObject>VariableStatistics</r:TypeOfObject>
      </VariableStatisticsReference>
      <VariableStatisticsReference>
        <r:Agency>midus.wisc.edu</r:Agency>
        <r:ID>fdcc6ecd-f57b-424c-9de1-525e49475932</r:ID>
        <r:Version>1</r:Version>
        <r:TypeOfObject>VariableStatistics</r:TypeOfObject>
      </VariableStatisticsReference>
      <VariableStatisticsReference>
        <r:Agency>midus.wisc.edu</r:Agency>
        <r:ID>c5d11840-272e-4821-a930-fd2ebdc11a33</r:ID>
        <r:Version>1</r:Version>
        <r:TypeOfObject>VariableStatistics</r:TypeOfObject>
      </VariableStatisticsReference>
      <VariableStatisticsReference>
        <r:Agency>midus.wisc.edu</r:Agency>
        <r:ID>ebd5b3d7-9283-4b3b-a467-bec985949329</r:ID>
        <r:Version>1</r:Version>
        <r:TypeOfObject>VariableStatistics</r:TypeOfObject>
      </VariableStatisticsReference>
      <VariableStatisticsReference>
        <r:Agency>midus.wisc.edu</r:Agency>
        <r:ID>69ba2a31-e88a-428a-a8d6-0d267e1df12e</r:ID>
        <r:Version>1</r:Version>
        <r:TypeOfObject>VariableStatistics</r:TypeOfObject>
      </VariableStatisticsReference>
      <VariableStatisticsReference>
        <r:Agency>midus.wisc.edu</r:Agency>
        <r:ID>9dd4bba0-22db-483f-b820-c9edfbc56e3a</r:ID>
        <r:Version>1</r:Version>
        <r:TypeOfObject>VariableStatistics</r:TypeOfObject>
      </VariableStatisticsReference>
      <VariableStatisticsReference>
        <r:Agency>midus.wisc.edu</r:Agency>
        <r:ID>8938c45f-f739-4518-8f90-0b9648932f1e</r:ID>
        <r:Version>1</r:Version>
        <r:TypeOfObject>VariableStatistics</r:TypeOfObject>
      </VariableStatisticsReference>
      <VariableStatisticsReference>
        <r:Agency>midus.wisc.edu</r:Agency>
        <r:ID>3d158b2c-9516-4edd-bb89-3c367d67c536</r:ID>
        <r:Version>1</r:Version>
        <r:TypeOfObject>VariableStatistics</r:TypeOfObject>
      </VariableStatisticsReference>
      <VariableStatisticsReference>
        <r:Agency>midus.wisc.edu</r:Agency>
        <r:ID>749c710e-fe09-4087-9343-7e2c5905c91e</r:ID>
        <r:Version>1</r:Version>
        <r:TypeOfObject>VariableStatistics</r:TypeOfObject>
      </VariableStatisticsReference>
      <VariableStatisticsReference>
        <r:Agency>midus.wisc.edu</r:Agency>
        <r:ID>a1e9df75-17ae-4b95-89dc-7754a745375d</r:ID>
        <r:Version>1</r:Version>
        <r:TypeOfObject>VariableStatistics</r:TypeOfObject>
      </VariableStatisticsReference>
      <VariableStatisticsReference>
        <r:Agency>midus.wisc.edu</r:Agency>
        <r:ID>67b3343b-48b5-4d6e-9fb9-567a8e722bcb</r:ID>
        <r:Version>1</r:Version>
        <r:TypeOfObject>VariableStatistics</r:TypeOfObject>
      </VariableStatisticsReference>
      <VariableStatisticsReference>
        <r:Agency>midus.wisc.edu</r:Agency>
        <r:ID>793dd667-d536-4741-9a95-eedce04ad6db</r:ID>
        <r:Version>1</r:Version>
        <r:TypeOfObject>VariableStatistics</r:TypeOfObject>
      </VariableStatisticsReference>
      <VariableStatisticsReference>
        <r:Agency>midus.wisc.edu</r:Agency>
        <r:ID>6e929931-348a-453f-b867-0267e4d1528c</r:ID>
        <r:Version>1</r:Version>
        <r:TypeOfObject>VariableStatistics</r:TypeOfObject>
      </VariableStatisticsReference>
      <VariableStatisticsReference>
        <r:Agency>midus.wisc.edu</r:Agency>
        <r:ID>cf8fb435-b7d3-4e3b-8043-da4510f87dec</r:ID>
        <r:Version>1</r:Version>
        <r:TypeOfObject>VariableStatistics</r:TypeOfObject>
      </VariableStatisticsReference>
      <VariableStatisticsReference>
        <r:Agency>midus.wisc.edu</r:Agency>
        <r:ID>403c2800-3cf9-4c84-8ad1-6551abf259c4</r:ID>
        <r:Version>1</r:Version>
        <r:TypeOfObject>VariableStatistics</r:TypeOfObject>
      </VariableStatisticsReference>
      <VariableStatisticsReference>
        <r:Agency>midus.wisc.edu</r:Agency>
        <r:ID>c9bd54b3-9394-4fab-b003-f3d406013cfe</r:ID>
        <r:Version>1</r:Version>
        <r:TypeOfObject>VariableStatistics</r:TypeOfObject>
      </VariableStatisticsReference>
      <VariableStatisticsReference>
        <r:Agency>midus.wisc.edu</r:Agency>
        <r:ID>1b2c996f-b2b7-41f5-b915-c75bc75e0ace</r:ID>
        <r:Version>1</r:Version>
        <r:TypeOfObject>VariableStatistics</r:TypeOfObject>
      </VariableStatisticsReference>
      <VariableStatisticsReference>
        <r:Agency>midus.wisc.edu</r:Agency>
        <r:ID>6ed4b8d6-3210-48f5-ad82-a7d36f18325a</r:ID>
        <r:Version>1</r:Version>
        <r:TypeOfObject>VariableStatistics</r:TypeOfObject>
      </VariableStatisticsReference>
      <VariableStatisticsReference>
        <r:Agency>midus.wisc.edu</r:Agency>
        <r:ID>7c5c876a-b58c-446e-970b-b7865a6a7a78</r:ID>
        <r:Version>1</r:Version>
        <r:TypeOfObject>VariableStatistics</r:TypeOfObject>
      </VariableStatisticsReference>
      <VariableStatisticsReference>
        <r:Agency>midus.wisc.edu</r:Agency>
        <r:ID>e7f3ccd2-0536-4191-b08e-d170783407da</r:ID>
        <r:Version>1</r:Version>
        <r:TypeOfObject>VariableStatistics</r:TypeOfObject>
      </VariableStatisticsReference>
      <VariableStatisticsReference>
        <r:Agency>midus.wisc.edu</r:Agency>
        <r:ID>a1c95673-5923-48d4-8fe9-3e047394407b</r:ID>
        <r:Version>1</r:Version>
        <r:TypeOfObject>VariableStatistics</r:TypeOfObject>
      </VariableStatisticsReference>
      <VariableStatisticsReference>
        <r:Agency>midus.wisc.edu</r:Agency>
        <r:ID>1c137198-6f52-45d3-87fa-0126f709858e</r:ID>
        <r:Version>1</r:Version>
        <r:TypeOfObject>VariableStatistics</r:TypeOfObject>
      </VariableStatisticsReference>
      <VariableStatisticsReference>
        <r:Agency>midus.wisc.edu</r:Agency>
        <r:ID>9c1e175a-8eea-40ad-99fb-97ee9dc76e21</r:ID>
        <r:Version>1</r:Version>
        <r:TypeOfObject>VariableStatistics</r:TypeOfObject>
      </VariableStatisticsReference>
      <VariableStatisticsReference>
        <r:Agency>midus.wisc.edu</r:Agency>
        <r:ID>7c46f8b4-43c9-48ed-ab6c-a243c71cd7e2</r:ID>
        <r:Version>1</r:Version>
        <r:TypeOfObject>VariableStatistics</r:TypeOfObject>
      </VariableStatisticsReference>
      <VariableStatisticsReference>
        <r:Agency>midus.wisc.edu</r:Agency>
        <r:ID>f66b82f4-38c6-480b-8f4b-0c87bd063b82</r:ID>
        <r:Version>1</r:Version>
        <r:TypeOfObject>VariableStatistics</r:TypeOfObject>
      </VariableStatisticsReference>
      <VariableStatisticsReference>
        <r:Agency>midus.wisc.edu</r:Agency>
        <r:ID>63f6af76-cbe3-4aa1-99a9-36a7c0a422e7</r:ID>
        <r:Version>1</r:Version>
        <r:TypeOfObject>VariableStatistics</r:TypeOfObject>
      </VariableStatisticsReference>
      <VariableStatisticsReference>
        <r:Agency>midus.wisc.edu</r:Agency>
        <r:ID>3826aaa7-5d73-4ab3-9ce5-60881a958ecd</r:ID>
        <r:Version>1</r:Version>
        <r:TypeOfObject>VariableStatistics</r:TypeOfObject>
      </VariableStatisticsReference>
      <VariableStatisticsReference>
        <r:Agency>midus.wisc.edu</r:Agency>
        <r:ID>c3045799-4251-4244-8759-101975ae0c3c</r:ID>
        <r:Version>1</r:Version>
        <r:TypeOfObject>VariableStatistics</r:TypeOfObject>
      </VariableStatisticsReference>
      <VariableStatisticsReference>
        <r:Agency>midus.wisc.edu</r:Agency>
        <r:ID>cf5f8b12-d636-4179-b511-f0eab76d48e1</r:ID>
        <r:Version>1</r:Version>
        <r:TypeOfObject>VariableStatistics</r:TypeOfObject>
      </VariableStatisticsReference>
      <VariableStatisticsReference>
        <r:Agency>midus.wisc.edu</r:Agency>
        <r:ID>27d9a221-fe59-492c-8bb7-c65ec776b25d</r:ID>
        <r:Version>1</r:Version>
        <r:TypeOfObject>VariableStatistics</r:TypeOfObject>
      </VariableStatisticsReference>
      <VariableStatisticsReference>
        <r:Agency>midus.wisc.edu</r:Agency>
        <r:ID>7ae7f4a3-8555-45fa-ae2f-9de9685f3588</r:ID>
        <r:Version>1</r:Version>
        <r:TypeOfObject>VariableStatistics</r:TypeOfObject>
      </VariableStatisticsReference>
      <VariableStatisticsReference>
        <r:Agency>midus.wisc.edu</r:Agency>
        <r:ID>e44772cf-92b5-4903-bacc-a765be46b146</r:ID>
        <r:Version>1</r:Version>
        <r:TypeOfObject>VariableStatistics</r:TypeOfObject>
      </VariableStatisticsReference>
      <VariableStatisticsReference>
        <r:Agency>midus.wisc.edu</r:Agency>
        <r:ID>cfe0c3dc-acb5-4571-b240-ef2b7288e100</r:ID>
        <r:Version>1</r:Version>
        <r:TypeOfObject>VariableStatistics</r:TypeOfObject>
      </VariableStatisticsReference>
      <VariableStatisticsReference>
        <r:Agency>midus.wisc.edu</r:Agency>
        <r:ID>eb1806a0-4d03-4548-8022-367dac8ddb3d</r:ID>
        <r:Version>1</r:Version>
        <r:TypeOfObject>VariableStatistics</r:TypeOfObject>
      </VariableStatisticsReference>
      <VariableStatisticsReference>
        <r:Agency>midus.wisc.edu</r:Agency>
        <r:ID>25a9e1a8-db0a-4dd2-bf40-d17508b237e3</r:ID>
        <r:Version>1</r:Version>
        <r:TypeOfObject>VariableStatistics</r:TypeOfObject>
      </VariableStatisticsReference>
      <VariableStatisticsReference>
        <r:Agency>midus.wisc.edu</r:Agency>
        <r:ID>8eab7cfc-c685-49bb-835b-82ddb48ad719</r:ID>
        <r:Version>1</r:Version>
        <r:TypeOfObject>VariableStatistics</r:TypeOfObject>
      </VariableStatisticsReference>
      <VariableStatisticsReference>
        <r:Agency>midus.wisc.edu</r:Agency>
        <r:ID>73ba4916-9fbe-43f8-ac6d-888be94a7fe9</r:ID>
        <r:Version>1</r:Version>
        <r:TypeOfObject>VariableStatistics</r:TypeOfObject>
      </VariableStatisticsReference>
      <VariableStatisticsReference>
        <r:Agency>midus.wisc.edu</r:Agency>
        <r:ID>c93d09f1-5113-43fd-9002-eec9d0537416</r:ID>
        <r:Version>1</r:Version>
        <r:TypeOfObject>VariableStatistics</r:TypeOfObject>
      </VariableStatisticsReference>
      <VariableStatisticsReference>
        <r:Agency>midus.wisc.edu</r:Agency>
        <r:ID>03778f1f-0150-4828-9ad7-942033d02b43</r:ID>
        <r:Version>1</r:Version>
        <r:TypeOfObject>VariableStatistics</r:TypeOfObject>
      </VariableStatisticsReference>
      <VariableStatisticsReference>
        <r:Agency>midus.wisc.edu</r:Agency>
        <r:ID>0dd53dc2-f3cd-4096-8ded-a1f35bc1ad00</r:ID>
        <r:Version>1</r:Version>
        <r:TypeOfObject>VariableStatistics</r:TypeOfObject>
      </VariableStatisticsReference>
      <VariableStatisticsReference>
        <r:Agency>midus.wisc.edu</r:Agency>
        <r:ID>301fc669-6994-4773-85ff-8275c3cd8f61</r:ID>
        <r:Version>1</r:Version>
        <r:TypeOfObject>VariableStatistics</r:TypeOfObject>
      </VariableStatisticsReference>
      <VariableStatisticsReference>
        <r:Agency>midus.wisc.edu</r:Agency>
        <r:ID>7d8d36f7-4ef1-4183-8e24-de77abf35e36</r:ID>
        <r:Version>1</r:Version>
        <r:TypeOfObject>VariableStatistics</r:TypeOfObject>
      </VariableStatisticsReference>
      <VariableStatisticsReference>
        <r:Agency>midus.wisc.edu</r:Agency>
        <r:ID>52139ba1-83bc-4e79-b5f0-8d31ec3e5748</r:ID>
        <r:Version>1</r:Version>
        <r:TypeOfObject>VariableStatistics</r:TypeOfObject>
      </VariableStatisticsReference>
      <VariableStatisticsReference>
        <r:Agency>midus.wisc.edu</r:Agency>
        <r:ID>07cf875e-644e-41fa-9fa2-af6e6e4b4772</r:ID>
        <r:Version>1</r:Version>
        <r:TypeOfObject>VariableStatistics</r:TypeOfObject>
      </VariableStatisticsReference>
      <VariableStatisticsReference>
        <r:Agency>midus.wisc.edu</r:Agency>
        <r:ID>18b4fbd0-bc64-4b55-bfa2-203b8fcf57b1</r:ID>
        <r:Version>1</r:Version>
        <r:TypeOfObject>VariableStatistics</r:TypeOfObject>
      </VariableStatisticsReference>
      <VariableStatisticsReference>
        <r:Agency>midus.wisc.edu</r:Agency>
        <r:ID>220c56a3-13c2-40aa-b00e-1248ff72087e</r:ID>
        <r:Version>1</r:Version>
        <r:TypeOfObject>VariableStatistics</r:TypeOfObject>
      </VariableStatisticsReference>
      <VariableStatisticsReference>
        <r:Agency>midus.wisc.edu</r:Agency>
        <r:ID>f1026e73-9f81-4f11-8162-dc0487e1f9a7</r:ID>
        <r:Version>1</r:Version>
        <r:TypeOfObject>VariableStatistics</r:TypeOfObject>
      </VariableStatisticsReference>
      <VariableStatisticsReference>
        <r:Agency>midus.wisc.edu</r:Agency>
        <r:ID>b64f38b6-3529-4d87-a457-b6422b6b4d13</r:ID>
        <r:Version>1</r:Version>
        <r:TypeOfObject>VariableStatistics</r:TypeOfObject>
      </VariableStatisticsReference>
      <VariableStatisticsReference>
        <r:Agency>midus.wisc.edu</r:Agency>
        <r:ID>d22fd9d1-a849-41f7-932e-ec8b4b78d36f</r:ID>
        <r:Version>1</r:Version>
        <r:TypeOfObject>VariableStatistics</r:TypeOfObject>
      </VariableStatisticsReference>
      <VariableStatisticsReference>
        <r:Agency>midus.wisc.edu</r:Agency>
        <r:ID>86821038-43c8-4d0b-93fa-195fb6f3f698</r:ID>
        <r:Version>1</r:Version>
        <r:TypeOfObject>VariableStatistics</r:TypeOfObject>
      </VariableStatisticsReference>
      <VariableStatisticsReference>
        <r:Agency>midus.wisc.edu</r:Agency>
        <r:ID>a79c398a-47a6-4f03-ac03-8834d2907040</r:ID>
        <r:Version>1</r:Version>
        <r:TypeOfObject>VariableStatistics</r:TypeOfObject>
      </VariableStatisticsReference>
      <VariableStatisticsReference>
        <r:Agency>midus.wisc.edu</r:Agency>
        <r:ID>00ed398b-ada8-4df7-979c-717ed612e14b</r:ID>
        <r:Version>1</r:Version>
        <r:TypeOfObject>VariableStatistics</r:TypeOfObject>
      </VariableStatisticsReference>
      <VariableStatisticsReference>
        <r:Agency>midus.wisc.edu</r:Agency>
        <r:ID>4a482951-1290-493e-a8f6-3ce5b1ae3e84</r:ID>
        <r:Version>1</r:Version>
        <r:TypeOfObject>VariableStatistics</r:TypeOfObject>
      </VariableStatisticsReference>
      <VariableStatisticsReference>
        <r:Agency>midus.wisc.edu</r:Agency>
        <r:ID>92786c41-24bd-4b48-83c3-14906f800980</r:ID>
        <r:Version>1</r:Version>
        <r:TypeOfObject>VariableStatistics</r:TypeOfObject>
      </VariableStatisticsReference>
      <VariableStatisticsReference>
        <r:Agency>midus.wisc.edu</r:Agency>
        <r:ID>47e7fddc-d9f8-4bba-92f0-bcae0404d8fb</r:ID>
        <r:Version>1</r:Version>
        <r:TypeOfObject>VariableStatistics</r:TypeOfObject>
      </VariableStatisticsReference>
      <VariableStatisticsReference>
        <r:Agency>midus.wisc.edu</r:Agency>
        <r:ID>4659c7e5-bb47-4f11-a1e9-074fe1f037f6</r:ID>
        <r:Version>1</r:Version>
        <r:TypeOfObject>VariableStatistics</r:TypeOfObject>
      </VariableStatisticsReference>
      <VariableStatisticsReference>
        <r:Agency>midus.wisc.edu</r:Agency>
        <r:ID>8428e1f6-b380-4407-b855-477219b19b3f</r:ID>
        <r:Version>1</r:Version>
        <r:TypeOfObject>VariableStatistics</r:TypeOfObject>
      </VariableStatisticsReference>
      <VariableStatisticsReference>
        <r:Agency>midus.wisc.edu</r:Agency>
        <r:ID>0a7dd2a6-d3fc-45b8-b068-0b95c57ef95b</r:ID>
        <r:Version>1</r:Version>
        <r:TypeOfObject>VariableStatistics</r:TypeOfObject>
      </VariableStatisticsReference>
      <VariableStatisticsReference>
        <r:Agency>midus.wisc.edu</r:Agency>
        <r:ID>8807aed7-8c8e-41b5-921e-b74cc27e4352</r:ID>
        <r:Version>1</r:Version>
        <r:TypeOfObject>VariableStatistics</r:TypeOfObject>
      </VariableStatisticsReference>
      <VariableStatisticsReference>
        <r:Agency>midus.wisc.edu</r:Agency>
        <r:ID>964d6eef-5d1b-4e9d-a2b7-f9bac4137b5d</r:ID>
        <r:Version>1</r:Version>
        <r:TypeOfObject>VariableStatistics</r:TypeOfObject>
      </VariableStatisticsReference>
      <VariableStatisticsReference>
        <r:Agency>midus.wisc.edu</r:Agency>
        <r:ID>8a6911ba-26a6-4249-b432-798319d30133</r:ID>
        <r:Version>1</r:Version>
        <r:TypeOfObject>VariableStatistics</r:TypeOfObject>
      </VariableStatisticsReference>
      <VariableStatisticsReference>
        <r:Agency>midus.wisc.edu</r:Agency>
        <r:ID>339fdee1-6e6a-4cd5-88f4-b55f9e072b42</r:ID>
        <r:Version>1</r:Version>
        <r:TypeOfObject>VariableStatistics</r:TypeOfObject>
      </VariableStatisticsReference>
      <VariableStatisticsReference>
        <r:Agency>midus.wisc.edu</r:Agency>
        <r:ID>2ec8edd2-45ed-4a83-adcc-c4c1a5c3353a</r:ID>
        <r:Version>1</r:Version>
        <r:TypeOfObject>VariableStatistics</r:TypeOfObject>
      </VariableStatisticsReference>
      <VariableStatisticsReference>
        <r:Agency>midus.wisc.edu</r:Agency>
        <r:ID>5da1fc99-c8a7-422c-b8bb-b9f8a237b448</r:ID>
        <r:Version>1</r:Version>
        <r:TypeOfObject>VariableStatistics</r:TypeOfObject>
      </VariableStatisticsReference>
      <VariableStatisticsReference>
        <r:Agency>midus.wisc.edu</r:Agency>
        <r:ID>05f255d5-01ef-401a-ad6b-1a266852afb0</r:ID>
        <r:Version>1</r:Version>
        <r:TypeOfObject>VariableStatistics</r:TypeOfObject>
      </VariableStatisticsReference>
      <VariableStatisticsReference>
        <r:Agency>midus.wisc.edu</r:Agency>
        <r:ID>0c5d9a1b-0a6e-4c98-97cb-0bded23ef706</r:ID>
        <r:Version>1</r:Version>
        <r:TypeOfObject>VariableStatistics</r:TypeOfObject>
      </VariableStatisticsReference>
      <VariableStatisticsReference>
        <r:Agency>midus.wisc.edu</r:Agency>
        <r:ID>860de381-140f-45c7-a79a-4f6c3f247622</r:ID>
        <r:Version>1</r:Version>
        <r:TypeOfObject>VariableStatistics</r:TypeOfObject>
      </VariableStatisticsReference>
      <VariableStatisticsReference>
        <r:Agency>midus.wisc.edu</r:Agency>
        <r:ID>28db3574-be87-4f00-8eb5-ae59870b7bc8</r:ID>
        <r:Version>1</r:Version>
        <r:TypeOfObject>VariableStatistics</r:TypeOfObject>
      </VariableStatisticsReference>
      <VariableStatisticsReference>
        <r:Agency>midus.wisc.edu</r:Agency>
        <r:ID>f9f4c890-7163-4df8-997a-2e26013b5b64</r:ID>
        <r:Version>1</r:Version>
        <r:TypeOfObject>VariableStatistics</r:TypeOfObject>
      </VariableStatisticsReference>
      <VariableStatisticsReference>
        <r:Agency>midus.wisc.edu</r:Agency>
        <r:ID>d4bf30db-6148-4b82-8395-9cfebb4008fe</r:ID>
        <r:Version>1</r:Version>
        <r:TypeOfObject>VariableStatistics</r:TypeOfObject>
      </VariableStatisticsReference>
      <VariableStatisticsReference>
        <r:Agency>midus.wisc.edu</r:Agency>
        <r:ID>46d34cfc-5b78-4902-969b-d4b09210df4c</r:ID>
        <r:Version>1</r:Version>
        <r:TypeOfObject>VariableStatistics</r:TypeOfObject>
      </VariableStatisticsReference>
      <VariableStatisticsReference>
        <r:Agency>midus.wisc.edu</r:Agency>
        <r:ID>ccc4ffbc-28f7-48e4-b069-c68e9426cccc</r:ID>
        <r:Version>1</r:Version>
        <r:TypeOfObject>VariableStatistics</r:TypeOfObject>
      </VariableStatisticsReference>
      <VariableStatisticsReference>
        <r:Agency>midus.wisc.edu</r:Agency>
        <r:ID>b5650743-bb5c-4776-a39a-743548f3db33</r:ID>
        <r:Version>1</r:Version>
        <r:TypeOfObject>VariableStatistics</r:TypeOfObject>
      </VariableStatisticsReference>
      <VariableStatisticsReference>
        <r:Agency>midus.wisc.edu</r:Agency>
        <r:ID>73d48f3d-1a61-4f0a-96f3-71465386bf35</r:ID>
        <r:Version>1</r:Version>
        <r:TypeOfObject>VariableStatistics</r:TypeOfObject>
      </VariableStatisticsReference>
      <VariableStatisticsReference>
        <r:Agency>midus.wisc.edu</r:Agency>
        <r:ID>094676c0-1983-4960-aa2a-4123ec4323b1</r:ID>
        <r:Version>1</r:Version>
        <r:TypeOfObject>VariableStatistics</r:TypeOfObject>
      </VariableStatisticsReference>
      <VariableStatisticsReference>
        <r:Agency>midus.wisc.edu</r:Agency>
        <r:ID>ed2a588a-0edd-4821-9454-1de238a79168</r:ID>
        <r:Version>1</r:Version>
        <r:TypeOfObject>VariableStatistics</r:TypeOfObject>
      </VariableStatisticsReference>
      <VariableStatisticsReference>
        <r:Agency>midus.wisc.edu</r:Agency>
        <r:ID>fc78d055-b7ab-41b8-bd2d-af1c04bcbbd7</r:ID>
        <r:Version>1</r:Version>
        <r:TypeOfObject>VariableStatistics</r:TypeOfObject>
      </VariableStatisticsReference>
      <VariableStatisticsReference>
        <r:Agency>midus.wisc.edu</r:Agency>
        <r:ID>59d5a3c4-1c0e-4a29-b20d-6cc544d99739</r:ID>
        <r:Version>1</r:Version>
        <r:TypeOfObject>VariableStatistics</r:TypeOfObject>
      </VariableStatisticsReference>
      <VariableStatisticsReference>
        <r:Agency>midus.wisc.edu</r:Agency>
        <r:ID>d210588e-2f21-4ff7-ae7b-3ed920964d18</r:ID>
        <r:Version>1</r:Version>
        <r:TypeOfObject>VariableStatistics</r:TypeOfObject>
      </VariableStatisticsReference>
      <VariableStatisticsReference>
        <r:Agency>midus.wisc.edu</r:Agency>
        <r:ID>089574cf-a7ec-4b65-ad43-0af29c7528c0</r:ID>
        <r:Version>1</r:Version>
        <r:TypeOfObject>VariableStatistics</r:TypeOfObject>
      </VariableStatisticsReference>
      <VariableStatisticsReference>
        <r:Agency>midus.wisc.edu</r:Agency>
        <r:ID>5ea60c63-fd8e-454e-b9eb-32037e64a283</r:ID>
        <r:Version>1</r:Version>
        <r:TypeOfObject>VariableStatistics</r:TypeOfObject>
      </VariableStatisticsReference>
      <VariableStatisticsReference>
        <r:Agency>midus.wisc.edu</r:Agency>
        <r:ID>78d0b049-c93a-4fc9-be9d-55066848f482</r:ID>
        <r:Version>1</r:Version>
        <r:TypeOfObject>VariableStatistics</r:TypeOfObject>
      </VariableStatisticsReference>
      <VariableStatisticsReference>
        <r:Agency>midus.wisc.edu</r:Agency>
        <r:ID>248dd659-8d39-4d7f-9c89-62624f548818</r:ID>
        <r:Version>1</r:Version>
        <r:TypeOfObject>VariableStatistics</r:TypeOfObject>
      </VariableStatisticsReference>
      <VariableStatisticsReference>
        <r:Agency>midus.wisc.edu</r:Agency>
        <r:ID>ddd287cb-a59c-425d-8238-284a3358f43d</r:ID>
        <r:Version>1</r:Version>
        <r:TypeOfObject>VariableStatistics</r:TypeOfObject>
      </VariableStatisticsReference>
      <VariableStatisticsReference>
        <r:Agency>midus.wisc.edu</r:Agency>
        <r:ID>d71c944f-02cf-4328-854e-189482ccd50d</r:ID>
        <r:Version>1</r:Version>
        <r:TypeOfObject>VariableStatistics</r:TypeOfObject>
      </VariableStatisticsReference>
      <VariableStatisticsReference>
        <r:Agency>midus.wisc.edu</r:Agency>
        <r:ID>412c7655-13c9-4659-ba6a-345209b7f482</r:ID>
        <r:Version>1</r:Version>
        <r:TypeOfObject>VariableStatistics</r:TypeOfObject>
      </VariableStatisticsReference>
      <VariableStatisticsReference>
        <r:Agency>midus.wisc.edu</r:Agency>
        <r:ID>8c1d41c3-349a-49f5-84ee-4aa19ff7bfb6</r:ID>
        <r:Version>1</r:Version>
        <r:TypeOfObject>VariableStatistics</r:TypeOfObject>
      </VariableStatisticsReference>
      <VariableStatisticsReference>
        <r:Agency>midus.wisc.edu</r:Agency>
        <r:ID>20f407e3-bbba-485e-b6d1-ac216bbd7d3e</r:ID>
        <r:Version>1</r:Version>
        <r:TypeOfObject>VariableStatistics</r:TypeOfObject>
      </VariableStatisticsReference>
      <VariableStatisticsReference>
        <r:Agency>midus.wisc.edu</r:Agency>
        <r:ID>fb2787df-5006-425a-a1ea-446f1872b55e</r:ID>
        <r:Version>1</r:Version>
        <r:TypeOfObject>VariableStatistics</r:TypeOfObject>
      </VariableStatisticsReference>
      <VariableStatisticsReference>
        <r:Agency>midus.wisc.edu</r:Agency>
        <r:ID>4c67aef1-214d-45d2-886b-d31faac76020</r:ID>
        <r:Version>1</r:Version>
        <r:TypeOfObject>VariableStatistics</r:TypeOfObject>
      </VariableStatisticsReference>
      <VariableStatisticsReference>
        <r:Agency>midus.wisc.edu</r:Agency>
        <r:ID>6a09efd9-624a-4049-8545-2fbf16b5c1e9</r:ID>
        <r:Version>1</r:Version>
        <r:TypeOfObject>VariableStatistics</r:TypeOfObject>
      </VariableStatisticsReference>
      <VariableStatisticsReference>
        <r:Agency>midus.wisc.edu</r:Agency>
        <r:ID>21fd9c6c-22bb-430e-baae-0ed7b8a8e6e9</r:ID>
        <r:Version>1</r:Version>
        <r:TypeOfObject>VariableStatistics</r:TypeOfObject>
      </VariableStatisticsReference>
      <VariableStatisticsReference>
        <r:Agency>midus.wisc.edu</r:Agency>
        <r:ID>1d2a4af0-8003-4d53-9e63-f717edcd2652</r:ID>
        <r:Version>1</r:Version>
        <r:TypeOfObject>VariableStatistics</r:TypeOfObject>
      </VariableStatisticsReference>
      <VariableStatisticsReference>
        <r:Agency>midus.wisc.edu</r:Agency>
        <r:ID>3a7642bf-a253-46f8-88c7-b16c3d1fc8dd</r:ID>
        <r:Version>1</r:Version>
        <r:TypeOfObject>VariableStatistics</r:TypeOfObject>
      </VariableStatisticsReference>
      <VariableStatisticsReference>
        <r:Agency>midus.wisc.edu</r:Agency>
        <r:ID>52ac8f0e-b907-4be6-92a2-6f492b91604b</r:ID>
        <r:Version>1</r:Version>
        <r:TypeOfObject>VariableStatistics</r:TypeOfObject>
      </VariableStatisticsReference>
      <VariableStatisticsReference>
        <r:Agency>midus.wisc.edu</r:Agency>
        <r:ID>d1c6a3d9-45b4-4f55-b261-99ceeeddaf39</r:ID>
        <r:Version>1</r:Version>
        <r:TypeOfObject>VariableStatistics</r:TypeOfObject>
      </VariableStatisticsReference>
      <VariableStatisticsReference>
        <r:Agency>midus.wisc.edu</r:Agency>
        <r:ID>f6c70ecf-79c4-4825-ace0-b09a9d153fd0</r:ID>
        <r:Version>1</r:Version>
        <r:TypeOfObject>VariableStatistics</r:TypeOfObject>
      </VariableStatisticsReference>
      <VariableStatisticsReference>
        <r:Agency>midus.wisc.edu</r:Agency>
        <r:ID>bdc23b3a-9e88-4fdb-bb18-cdc9b75360c7</r:ID>
        <r:Version>1</r:Version>
        <r:TypeOfObject>VariableStatistics</r:TypeOfObject>
      </VariableStatisticsReference>
      <VariableStatisticsReference>
        <r:Agency>midus.wisc.edu</r:Agency>
        <r:ID>4ad057ff-a6ac-48e5-a1c7-8722a653291d</r:ID>
        <r:Version>1</r:Version>
        <r:TypeOfObject>VariableStatistics</r:TypeOfObject>
      </VariableStatisticsReference>
      <VariableStatisticsReference>
        <r:Agency>midus.wisc.edu</r:Agency>
        <r:ID>eafbb256-fdb7-4a61-ae7f-5ac223c1ff15</r:ID>
        <r:Version>1</r:Version>
        <r:TypeOfObject>VariableStatistics</r:TypeOfObject>
      </VariableStatisticsReference>
      <VariableStatisticsReference>
        <r:Agency>midus.wisc.edu</r:Agency>
        <r:ID>836aa042-3538-4173-a1b5-fb8dafe0528e</r:ID>
        <r:Version>1</r:Version>
        <r:TypeOfObject>VariableStatistics</r:TypeOfObject>
      </VariableStatisticsReference>
      <VariableStatisticsReference>
        <r:Agency>midus.wisc.edu</r:Agency>
        <r:ID>867461e8-f1ba-4c87-95c7-cb5213e4a9f7</r:ID>
        <r:Version>1</r:Version>
        <r:TypeOfObject>VariableStatistics</r:TypeOfObject>
      </VariableStatisticsReference>
      <VariableStatisticsReference>
        <r:Agency>midus.wisc.edu</r:Agency>
        <r:ID>62b37ee5-7a26-4ea7-8c5a-e8ee83d53433</r:ID>
        <r:Version>1</r:Version>
        <r:TypeOfObject>VariableStatistics</r:TypeOfObject>
      </VariableStatisticsReference>
    </StatisticalSummary>
  </PhysicalInstance>
</Fragment>